dia,tempo_resposta
1,2092.500686645508
2,2066.3487911224365
3,2039.3495559692383
4,2050.638437271118
5,2041.0122871398926
6,2052.748918533325
7,2053.0989170074463
8,2042.9940223693848
9,2049.687147140503
10,2040.9934520721436
