dia,tempo_processamento
Mon Jun 10 04:39:41 2024,2695.103168487549
Mon Jun 10 04:39:41 2024,2806.78129196167
Mon Jun 10 04:39:41 2024,2361.436128616333
Mon Jun 10 04:39:41 2024,2292.271852493286
Mon Jun 10 04:39:41 2024,2287.369966506958
Mon Jun 10 04:39:41 2024,2651.3073444366455
Mon Jun 10 04:39:41 2024,2688.668966293335
Mon Jun 10 04:39:41 2024,2728.851318359375
Mon Jun 10 04:39:41 2024,2306.7517280578613
Mon Jun 10 04:39:41 2024,2279.8240184783936
